id,subject,question,answer,source,answer_date
LAB-001,labour,average salary in australia,,,
LAB-002,labour,average salary in australia by age,,,
LAB-003,labour,average salary in australia by state,,,
LAB-004,labour,average hourly wage in australia,,,
LAB-005,labour,unemployment rate australia,,,
LAB-006,labour,unemployment rate australia by state,,,
LAB-007,labour,unemployment rate australia by city,,,
LAB-008,labour,unemployment rate australia vs usa,,,
LAB-009,labour,unemployment rate australia by year,,,
LAB-010,labour,gender pay gap australia,,,
LAB-011,labour,adjusted gender pay gap australia,,,
LAB-012,labour,how many australians work for the federal government,,,
LAB-013,labour,how many australians work full time,,,
LAB-014,labour,how many australians work in the public sector,,,
LAB-015,labour,minimum wage in australia by state,,,
LAB-016,labour,minimum wage in australia in 1970,,,
LAB-017,labour,youth unemployment rate australia,,,
LAB-018,labour,how many job vacancies are there in australia right now,,,
LAB-019,labour,what percentage of australian workers are in a union,,,
LAB-020,labour,how many australians do gig work,,,
LAB-021,labour,what percentage of australians work from home,,,
LAB-022,labour,average retirement age in australia,,,
LAB-023,labour,employment rate of recent migrants in australia,,,
LAB-024,labour,unemployment rate for recent migrants in sydney,,,
LAB-025,labour,average hours worked per week australia,,,
LAB-026,labour,self-employment rate australia,,,
LAB-027,labour,how many young people in australia are not in employment or education,,,
LAB-028,labour,indigenous employment rate australia,,,
LAB-029,labour,employment rate of people with disability in australia,,,
LAB-030,labour,average salary software engineer australia,,,
LAB-031,labour,how many nurses are there in australia,,,
LAB-032,labour,labour force participation of mothers with young children australia,,,
LAB-033,labour,do migrants earn less than australian-born workers with the same education,,,
LAB-034,labour,is youth unemployment worse now than in the 1990s,,,
DIG-001,digital_economy_and_society,percentage of internet users in australia,,,
DIG-002,digital_economy_and_society,average screen time australia,,,
DIG-003,digital_economy_and_society,screen time kids australia,,,
DIG-004,digital_economy_and_society,online shopping australia statistics,,,
DIG-005,digital_economy_and_society,online grocery shopping statistics australia,,,
DIG-006,digital_economy_and_society,cyberbullying australia statistics,,,
DIG-007,digital_economy_and_society,cyberbullying statistics australia 2025,,,
DIG-008,digital_economy_and_society,how many australians have a smartphone,,,
DIG-009,digital_economy_and_society,social media use in australia by age,,,
DIG-010,digital_economy_and_society,internet use among seniors in australia,,,
DIG-011,digital_economy_and_society,rural internet access australia,,,
DIG-012,digital_economy_and_society,e-commerce sales australia,,,
DIG-013,digital_economy_and_society,how many australians use ai chatbots,,,
DIG-014,digital_economy_and_society,how many businesses in australia use artificial intelligence,,,
DIG-015,digital_economy_and_society,how much money do australians lose to online scams,,,
DIG-016,digital_economy_and_society,what percentage of australians subscribe to streaming services,,,
DIG-017,digital_economy_and_society,where do australians get their news,,,
DIG-018,digital_economy_and_society,how many australians play video games,,,
DIG-019,digital_economy_and_society,digital divide in australia by income,,,
DIG-020,digital_economy_and_society,how many australians have been exposed to misinformation online,,,
DIG-021,digital_economy_and_society,australians concerned about online privacy statistics,,,
DIG-022,digital_economy_and_society,how many australian households have no internet at home,,,
DIG-023,digital_economy_and_society,teens social media use australia,,,
DIG-024,digital_economy_and_society,online dating statistics australia,,,
DIG-025,digital_economy_and_society,cryptocurrency ownership australia,,,
DIG-026,digital_economy_and_society,how many australians earn money through online platforms,,,
DIG-027,digital_economy_and_society,average internet speed australia,,,
DIG-028,digital_economy_and_society,e-commerce share of retail sales australia,,,
DIG-029,digital_economy_and_society,online harassment of women in australia,,,
DIG-030,digital_economy_and_society,is screen time linked to worse mental health in australian teens,,,
DIG-031,digital_economy_and_society,do low-income australian kids have less access to computers for school,,,
DIG-032,digital_economy_and_society,internet use australia urban vs rural,,,
DIG-033,digital_economy_and_society,how has online shopping changed since the pandemic in australia,,,
SOC-001,society_and_community,volunteering in australia statistics,,,
SOC-002,society_and_community,what percentage of australians volunteer,,,
SOC-003,society_and_community,charitable donations australia average,,,
SOC-004,society_and_community,are charitable donations declining in australia,,,
SOC-005,society_and_community,loneliness in australia statistics,,,
SOC-006,society_and_community,loneliness in seniors australia,,,
SOC-007,society_and_community,loneliness in australia for migrants,,,
SOC-008,society_and_community,life satisfaction australia,,,
SOC-009,society_and_community,life satisfaction by state australia,,,
SOC-010,society_and_community,do australians trust the government,,,
SOC-011,society_and_community,trust in media australia statistics,,,
SOC-012,society_and_community,how many australians feel a sense of belonging to their community,,,
SOC-013,society_and_community,discrimination statistics australia,,,
SOC-014,society_and_community,racism experienced by first nations australians statistics,,,
SOC-015,society_and_community,food bank use australia statistics,,,
SOC-016,society_and_community,how religious is australia,,,
SOC-017,society_and_community,church attendance australia statistics,,,
SOC-018,society_and_community,social isolation young adults australia,,,
SOC-019,society_and_community,how much time do australians spend with friends,,,
SOC-020,society_and_community,are australians happier than americans,,,
SOC-021,society_and_community,do australians feel safe walking alone at night,,,
SOC-022,society_and_community,how many close friends does the average australian have,,,
SOC-023,society_and_community,unpaid caregiving statistics australia,,,
SOC-024,society_and_community,who does more housework men or women australia,,,
SOC-025,society_and_community,how well do refugees integrate in australia,,,
SOC-026,society_and_community,lgbtiq wellbeing australia statistics,,,
SOC-027,society_and_community,is life satisfaction declining among young australians,,,
SOC-028,society_and_community,how many australians live alone,,,
SOC-029,society_and_community,do people trust their neighbours in australia,,,
SOC-030,society_and_community,civic engagement youth australia,,,
SOC-031,society_and_community,is loneliness worse in big cities australia,,,
SOC-032,society_and_community,sense of meaning and purpose australia statistics,,,
SOC-033,society_and_community,migrants sense of belonging australia,,,
IMM-001,immigration_and_ethnocultural_diversity,how many migrants in australia,,,
IMM-002,immigration_and_ethnocultural_diversity,how many migrants come to australia per year,,,
IMM-003,immigration_and_ethnocultural_diversity,migration to australia statistics by country,,,
IMM-004,immigration_and_ethnocultural_diversity,how many refugees in australia,,,
IMM-005,immigration_and_ethnocultural_diversity,how many international students in australia,,,
IMM-006,immigration_and_ethnocultural_diversity,australia immigration rate over time,,,
IMM-007,immigration_and_ethnocultural_diversity,cultural diversity in australia percentage,,,
IMM-008,immigration_and_ethnocultural_diversity,largest ancestry in australia,,,
IMM-009,immigration_and_ethnocultural_diversity,how many muslims in australia,,,
IMM-010,immigration_and_ethnocultural_diversity,ethnic groups in australia percentages,,,
IMM-011,immigration_and_ethnocultural_diversity,how many people speak mandarin in australia,,,
IMM-012,immigration_and_ethnocultural_diversity,how many migrants in australia are on welfare,,,
IMM-013,immigration_and_ethnocultural_diversity,what percentage of australia's population is born overseas,,,
IMM-014,immigration_and_ethnocultural_diversity,which cities do most migrants settle in australia,,,
IMM-015,immigration_and_ethnocultural_diversity,second generation migrants in australia statistics,,,
IMM-016,immigration_and_ethnocultural_diversity,how many temporary visa holders in australia,,,
IMM-017,immigration_and_ethnocultural_diversity,how many asylum seekers in australia,,,
IMM-018,immigration_and_ethnocultural_diversity,how many undocumented migrants in australia,,,
IMM-019,immigration_and_ethnocultural_diversity,do migrants commit more crime in australia,,,
IMM-020,immigration_and_ethnocultural_diversity,how much do migrants earn compared to australian born workers,,,
IMM-021,immigration_and_ethnocultural_diversity,what percentage of migrants become australian citizens,,,
IMM-022,immigration_and_ethnocultural_diversity,how many interracial couples in australia,,,
IMM-023,immigration_and_ethnocultural_diversity,discrimination against migrants in australia statistics,,,
IMM-024,immigration_and_ethnocultural_diversity,how many migrants leave australia after arriving,,,
IMM-025,immigration_and_ethnocultural_diversity,how do refugees do economically in australia,,,
POP-001,population_and_demography,population of australia,,,
POP-002,population_and_demography,population of australia by state,,,
POP-003,population_and_demography,population of australia by ancestry,,,
POP-004,population_and_demography,population of sydney,,,
POP-005,population_and_demography,population of sydney vs melbourne,,,
POP-006,population_and_demography,australia population growth rate,,,
POP-007,population_and_demography,australia population growth projections,,,
POP-008,population_and_demography,australia birth rate,,,
POP-009,population_and_demography,australia birth rate by state,,,
POP-010,population_and_demography,australia death rate by year,,,
POP-011,population_and_demography,life expectancy australia,,,
POP-012,population_and_demography,life expectancy australia by state,,,
POP-013,population_and_demography,life expectancy australia vs us,,,
POP-014,population_and_demography,fertility rate australia,,,
POP-015,population_and_demography,average age in australia,,,
POP-016,population_and_demography,average age in australia to have a baby,,,
POP-017,population_and_demography,how many seniors in australia,,,
POP-018,population_and_demography,how many seniors in australia live alone,,,
POP-019,population_and_demography,how many people live in melbourne,,,
POP-020,population_and_demography,population of australia vs usa,,,
POP-021,population_and_demography,marriage rate australia,,,
POP-022,population_and_demography,divorce rate australia,,,
POP-023,population_and_demography,which state are people moving to in australia,,,
POP-024,population_and_demography,how many people immigrate to australia vs leave,,,
POP-025,population_and_demography,what percentage of australians live in cities,,,
